Model,Precision,Recall,F1-Score,ROC-AUC
Decision Tree (depth=5),0.3023991687919146,0.8008755472170106,0.4390277349240632,0.7992397274454088
Logistic Regression,0.3407295343755253,0.7606003752345216,0.4706292082656141,0.8175635818805882
